# Gamma, Mean Policy Value
0.10000,-0.00008
0.14500,-0.00011
0.19000,0.00005
0.23500,0.00003
0.28000,-0.00000
0.32500,-0.00004
0.37000,0.00021
0.41500,0.00129
0.46000,0.00047
0.50500,0.00039
0.55000,0.00165
0.59500,-0.00196
0.64000,0.00451
0.68500,0.00048
0.73000,0.00563
0.77500,0.00253
0.82000,0.01432
0.86500,0.02040
0.91000,0.00390
0.95500,0.19056
