# Gamma, Mean Policy Value
0.95000,49.57442
0.95250,51.91363
0.95500,54.64946
0.95750,57.74040
0.96000,61.45890
0.96250,64.94782
0.96500,68.82057
0.96750,73.70205
0.97000,79.71645
0.97250,86.21363
0.97500,93.54332
0.97750,102.70646
0.98000,114.29169
0.98250,129.43810
0.98500,145.76838
0.98750,168.29093
0.99000,199.42799
0.99250,222.36141
0.99500,138.96537
0.99750,1253.11335
